# mse,rmse,mae,r2,accuracy
2.479646750537178218e+08,1.574689413991590300e+04,7.856699162342009913e+03,1.634625205318962493e-01,7.139917695473251058e+01
