# mse,rmse,mae,r2,accuracy
2.470113510002183914e+08,1.571659476477708267e+04,7.834488943355004267e+03,1.666786693670396780e-01,7.139917695473251058e+01
