# mse,rmse,mae,r2,accuracy
7.399999999999999634e-02,2.720000000000000195e-01,1.439999999999999891e-01,-5.000000000000000104e-03,5.205799999999999983e+01
