# mse,rmse,mae,r2,accuracy
6.199999999999999956e-02,2.479999999999999982e-01,1.239999999999999991e-01,1.600000000000000033e-01,7.139900000000000091e+01
