# mse,rmse,mae,r2,accuracy
5.899999999999999689e-02,2.429999999999999938e-01,1.189999999999999947e-01,1.920000000000000040e-01,7.139900000000000091e+01
