# mse,rmse,mae,r2,accuracy
5.899999999999999689e-02,2.439999999999999947e-01,1.189999999999999947e-01,1.910000000000000031e-01,7.139900000000000091e+01
