# mse,rmse,mae,r2,accuracy
5.899999999999999689e-02,2.429999999999999938e-01,1.199999999999999956e-01,1.950000000000000067e-01,7.139900000000000091e+01
