# mse,rmse,mae,r2,accuracy
0.000000000000000000e+00,1.299999999999999940e-02,8.000000000000000167e-03,9.979999999999999982e-01,9.958799999999999386e+01
