# mse,rmse,mae,r2,accuracy
6.000000000000000125e-03,7.399999999999999634e-02,3.799999999999999906e-02,9.250000000000000444e-01,7.530899999999999750e+01
