# mse,rmse,mae,r2,accuracy
5.899999999999999689e-02,2.439999999999999947e-01,1.199999999999999956e-01,1.920000000000000040e-01,7.057599999999999341e+01
