# mse,rmse,mae,r2,accuracy
6.099999999999999867e-02,2.479999999999999982e-01,1.239999999999999991e-01,1.650000000000000078e-01,6.995900000000000318e+01
