# mse,rmse,mae,r2,accuracy
1.559999999999999998e-01,3.940000000000000169e-01,2.869999999999999774e-01,-1.118000000000000105e+00,0.000000000000000000e+00
