# mse,rmse,mae,r2,accuracy
0.000000000000000000e+00,8.000000000000000167e-03,4.000000000000000083e-03,9.989999999999999991e-01,9.979399999999999693e+01
