# mse,rmse,mae,r2,accuracy
3.000000000000000062e-03,5.800000000000000294e-02,2.999999999999999889e-02,9.539999999999999591e-01,7.880700000000000216e+01
