# mse,rmse,mae,r2,accuracy
0.000000000000000000e+00,2.199999999999999872e-02,1.400000000000000029e-02,9.929999999999999938e-01,9.876500000000000057e+01
