# mse,rmse,mae,r2,accuracy
1.499999999999999944e-02,1.209999999999999964e-01,5.999999999999999778e-02,7.990000000000000435e-01,7.263400000000000034e+01
