# mse,rmse,mae,r2,accuracy
0.000000000000000000e+00,1.700000000000000122e-02,1.000000000000000021e-02,9.959999999999999964e-01,9.444400000000000261e+01
