# mse,rmse,mae,r2,accuracy
0.000000000000000000e+00,1.799999999999999864e-02,1.099999999999999936e-02,9.959999999999999964e-01,9.218099999999999739e+01
