# mse,rmse,mae,r2,accuracy
5.999999999999999778e-02,2.459999999999999964e-01,1.209999999999999964e-01,1.769999999999999907e-01,7.139900000000000091e+01
