# mse,rmse,mae,r2,accuracy
7.399999999999999634e-02,2.710000000000000187e-01,1.419999999999999873e-01,-2.000000000000000042e-03,6.152300000000000324e+01
